Jeff,
Bill,
Jerry,
Jack,
Jenny,
Karl,
Lorna,
Owen,
Jennifer,
Aimee,
Amy,
Aaron,
Laura,
Jamie,
Eric,
Jane,
Sandra,
David,
Dave,
Nichola,
Nikki,
Rebecca,
Becca,
Violeta,
Orla,
Tim,
Keith,
Lucy,
Kellie,
Lauren,
Michael,
Jacob,
Megan,
Maria,
Rachel,
Ruth,
Marie,
Alisha,
Amanda,
Amy,
Ashley,
Brendan,
James,
Cathy,
Chris,
Ciara,
Cillian,
Conor,
Daniel,
Dan,
Emer,
Emma,
Enda,
Eoin,
Gary,
Hannah,
Hayley,
Hugh,
Kevin,
Jade,
Jim,
Jonatan,
Jordan,
Josh,
Joshua,
Katie,
Kate,
Liam,
Michelle,
Mieke,
Robert,
Rob,
Ronan,
Sean,
Simon,
Steven,
Alejandro,
Drake,
Thomas,
Jessica,
Siomha,
Fiona,
Laura,
Brandon,
Andrew,
Cian,
Elysha,
Graham,
Glenn,
Grzegorz,
Greg