May,
Brennan,
Poole,
Ward,
Marry,
Ring,
Jones,
O'Neill,
O'Brien,
Diggin,
Colgan,
Sullivan,
Duque,
Carney,
Quigley,
Connolly,
O'Donoghue,
Judge,
Logue,
Redmond,
Le Blanc,
Ellis,
Donnelly,
Rogers,
Burrows,
Seery,
Moriarty,
Hales,
Rogers,
Moore,
Carolan,
O'Reilly,
Keogh,
Byrne,
Carroll,
Guinan,
Butterly,
Daly,
McGuinness,
Grogan,
Owen,
Nevins,
Kennedy,
Heron,
McGlade,
Carter,
Kingston,
O'Connor,
Grahan,
Conlon,
Reid,
Boyle,
Colfer,
Mc Grath,
Malone,
Lacour,
Rowland,
Gallagher,
Bourke,
Stanley,
Molloy,
Flaherty,
Murphy,
Carrig,
Hearne,
Doheny,
McQuinn,
Gorey,
O'Donovan,
Joyce,
Murnane,
Dunne,
Carey,
Delaney,
Whiteacre,
Creed,
Downes,
Downey,
Fogarty,
O'Mahony,
Gillespie,
Milliken,
Soden,
Hanaphy,
Glackin,
Dean,
Ceron,
Whelan,
Robinson,
Ferguson,
Hill,
Bailey,
Nelson,
Neeson,
Jolie,
Rudd,
Watson,
Ryan,
Tobin,
Banks,
McGowan,
Keeling,
Kinsella,
Huntington,
Gietka,
